created_by,created_date,date_on_document,client_name,application_type,application_fee,email,phone,add_taxes,amount_1,date_1,amount_2,date_2,amount_3,date_3,amount_4,date_4,amount_5,date_5,amount_6,date_6,amount_7,date_7,amount_8,date_8,amount_9,date_9,amount_10,date_10,amount_11,date_11,amount_12,date_12,file_format
JUNAIDULLAH,2024-Mar-04 12:32 PM,4/3/2024,Aicha Malak Hachimi,PGWP Paper based,500,malak.hachimi7@gmail.com,'2048691187',TRUE,500,4/3/2024,,,,,,,,,,,,,,,,,,,,,,,DOCX
JUNAIDULLAH,2024-Mar-04 12:33 PM,4/3/2024,Aicha Malak Hachimi,PGWP Paper based,500,malak.hachimi7@gmail.com,'2048691187',TRUE,500,4/3/2024,,,,,,,,,,,,,,,,,,,,,,,DOCX
JUNAIDULLAH,2024-Mar-04 12:34 PM,4/3/2024,Aicha Malak Hachimi,PGWP Paper based,500,malak.hachimi7@gmail.com,'2048691187',TRUE,500,4/3/2024,,,,,,,,,,,,,,,,,,,,,,,DOCX
JUNAIDULLAH,2024-Mar-04 05:25 PM,4/3/2024,Mst Mitu Mostazir;Mohammad Amir Hassan,Spousal work Permit,1500,mohammadamit97@gmail.com;mohammadamit97@gmail.com,'2048818708';'2048818708',TRUE,300,4/3/2024,600,25/04/2024,600,25/05/2024,,,,,,,,,,,,,,,,,,,DOCX
DESKTOP-ADN59SR,2024-Mar-05 01:39 PM,5/3/2024,Kunal Kamleshkumar Patel,Spousal Application,4000,kunalpatel26@yahoo.ca,'2045909564',TRUE,1000,advance,1000,19/03/2024,1000,2/4/2024,1000,16/04/2024,,,,,,,,,,,,,,,,,DOCX
MRIDHA,2024-Mar-05 04:12 PM,5/3/2024,Syed Irtaza Hussain Naqvi,Express Entry/EOI/PNP/PR,3200,irtazan@gmail.com,'4317777527',TRUE,1000,5/3/2024,500,6/3/2024,800,5/5/2024,900,5/11/2024,,,,,,,,,,,,,,,,,DOCX
RAIDKHAN,2024-Mar-05 06:42 PM,5/3/2024,Lukasz Piotr Sikorski,EOI,500,lsiorski3@gmail.com,'4313234472',TRUE,500,advance,,,,,,,,,,,,,,,,,,,,,,,DOCX
RAIDKHAN,2024-Mar-05 06:43 PM,5/3/2024,Lukasz Piotr Sikorski,EOI,500,lsiorski3@gmail.com,'4313234472',TRUE,1000,advance,,,,,,,,,,,,,,,,,,,,,,,DOCX
RAIDKHAN,2024-Mar-05 06:43 PM,5/3/2024,Lukasz Piotr Sikorski,EOI,500,lsiorski3@gmail.com,'4313234472',TRUE,1000,advance,,,,,,,,,,,,,,,,,,,,,,,DOCX
RAIDKHAN,2024-Mar-07 11:59 AM,5/3/2024,Lukasz Piotr Sikorski,EOI,500,lsiorski3@gmail.com,'4313234472',TRUE,1000,advance,,,,,,,,,,,,,,,,,,,,,,,PDF
RAIDKHAN,2024-Mar-07 04:30 PM,7/3/2024,Tasbeer Rahman,LMIA,3000,Tasbeer00007@gmail.com,'4317774699',TRUE,1500,7/3/2024,500,7/4/2024,500,7/5/2024,500,7/6/2024,,,,,,,,,,,,,,,,,PDF
RAIDKHAN,2024-Mar-07 04:30 PM,7/3/2024,Tasbeer Rahman,LMIA,3000,Tasbeer00007@gmail.com,'4317774699',TRUE,1500,7/3/2024,500,7/4/2024,500,7/5/2024,500,7/6/2024,,,,,,,,,,,,,,,,,DOCX
JUNAIDULLAH,2024-Mar-08 03:57 PM,8/3/2024,Santokben Rambhai Modhvadiya,Visit Visa,500,yogikeshvala89@gmail.com,'4312794905',TRUE,500,1/4/2024,,,,,,,,,,,,,,,,,,,,,,,DOCX
FARABI-AMCAIM,2024-Mar-08 05:28 PM,8/3/2024,Justine Tiffini Narine,Ban Reconsideration/Study Permit,3000,jtnarine1@gmail.com,'2048944461',TRUE,200,8/3/2024,500,8/4/2024,500,8/5/2024,500,8/6/2024,500,8/7/2024,500,8/8/2024,100,8/9/2024,,,,,,,,,,,DOCX
JUNAIDULLAH,2024-Mar-08 05:43 PM,8/3/2024,Zaheeb Uz Zaman Khan,MPNP,800,zaheebk@gmail.com,'2046983145',TRUE,800,8/3/2024,,,,,,,,,,,,,,,,,,,,,,,DOCX
JUNAIDULLAH,2024-Mar-11 04:35 PM,11/3/2024,Harjinder Singh Kanda,EOI,500,vickykanda0000@gmail.com,'4315888177',TRUE,500,11/3/2024,,,,,,,,,,,,,,,,,,,,,,,DOCX
RAIDKHAN,2024-Mar-12 02:38 PM,12/3/2024,Muhammad Shawaiz Siddiqui,Additional Document for PR,500,shawaizsiddiqui@live.com,'2042955631',TRUE,500,12/3/2024,,,,,,,,,,,,,,,,,,,,,,,DOCX
FARABI-AMCAIM,2024-Mar-12 06:15 PM,12/3/2024,Maiesha Hossain;Sabid Sarar Adhir,TRP/Study Permit/SOWP,7000,maieshahossain10@gmail.com;sararsabid10@gmail.com,'4315542681';'4315561416',TRUE,100,12/3/2024,3000,12/4/2024,900,12/5/2024,1000,12/6/2024,1000,12/7/2024,1000,12/8/2024,,,,,,,,,,,,,DOCX
MEHRU-AMCAIM,2024-Mar-13 04:13 PM,13/03/2024,Muhammad Mansoor;Hania Ashraf,Spouse Sponsorship Application,4000,al_mansoor007@yahoo.com;haniaraja146@gmail.com,'5848881981';'2049985105',TRUE,100,13/03/2024,,,,,,,,,,,,,,,,,,,,,,,DOCX
JUNAIDULLAH,2024-Mar-13 06:10 PM,13/03/2024,Shaheer Ahmed Hashmi,EOI,500,Shaheer.540@outlook.com,'2043331692',TRUE,50,13/03/2024,510,15/03/2024,,,,,,,,,,,,,,,,,,,,,DOCX
RAIDKHAN,2024-Mar-14 01:13 PM,14/03/2024,Angelina Arora,Express Entry/EOI,1500,Angelinaarora24@gmail.com,'5147933372',TRUE,1500,14/03/2024,,,,,,,,,,,,,,,,,,,,,,,DOCX
FARABI-AMCAIM,2024-Mar-15 04:06 PM,15/03/2024,David Terluma Agba,Explanation Letter,1500,agbadt@gmail.com,'4312766203',TRUE,200,15/03/2024,650,15/04/2024,650,15/05/2024,,,,,,,,,,,,,,,,,,,DOCX
FARABI-AMCAIM,2024-Mar-15 04:08 PM,15/03/2024,David Terlumu Agba,Explanation Letter,1500,agbadt@gmail.com,'4312766203',TRUE,200,15/03/2024,300,15/04/2024,300,15/05/2024,300,15/06/2024,300,15/07/2024,100,15/08/2024,,,,,,,,,,,,,DOCX
JUNAIDULLAH,2024-Mar-18 06:09 PM,18/03/2024,Ravinder Pal Singh Bali,Spouse open work permit,500,ravinderbali10@gmail.com,'4312792423',TRUE,500,18/03/2024,,,,,,,,,,,,,,,,,,,,,,,DOCX
DESKTOP-ADN59SR,2024-Mar-19 06:11 PM,19/03/2024,Enoch Oluwagbemiga Alo,Reconcideration ,1500,oluwaenoch12@gmail.com,'6479395431',TRUE,500,19/03/2024,500,19/04/2024,500,19/05/2024,,,,,,,,,,,,,,,,,,,DOCX
FARABI-AMCAIM,2024-Mar-20 02:38 PM,20/03/2024,Dorcas Kwarteng;Richard Baffo Kodom,Study Permit/Visitor Visa,2000,kwartmaa@gmail.com;rbkodom@gmail.com,'2046899911';'2048815719',TRUE,1000,20/03/2024,1000,20/04/2024,,,,,,,,,,,,,,,,,,,,,DOCX
FARABI-AMCAIM,2024-Mar-20 02:38 PM,20/03/2024,Dorcas Kwarteng;Richard Baffo Kodom,Study Permit/Visitor Visa,2000,kwartmaa@gmail.com;rbkodom@gmail.com,'2046899911';'2048815719',TRUE,1000,21/03/2024,1000,21/04/2024,,,,,,,,,,,,,,,,,,,,,DOCX
FARABI-AMCAIM,2024-Mar-20 02:39 PM,20/03/2024,Dorcas Kwarteng;Richard Baffo Kodom,Study Permit/Visitor Visa,2000,kwartmaa@gmail.com;rbkodom@gmail.com,'2046899911';'2048815719',TRUE,1000,21/03/2024,1000,21/04/2024,,,,,,,,,,,,,,,,,,,,,DOCX
DESKTOP-ADN59SR,2024-Mar-20 03:26 PM,20/03/2024,Shania Selissa Stewart,Response to the Visa Officer ,1000,brandonnarine85@yahoo.com,'4313731202',TRUE,500,20/03/2024,500,28/03/2024,,,,,,,,,,,,,,,,,,,,,DOCX
FARABI-AMCAIM,2024-Mar-20 06:06 PM,20/03/2024,Chijioke Christian Agbanelo,Study Permit Extension,500,chijioke00200@gmail.com,'4312755078',TRUE,100,20/03/2024,400,20/04/2024,,,,,,,,,,,,,,,,,,,,,DOCX
MRIDHA,2024-Mar-20 07:39 PM,20/03/2024,Milan Jot,Expression of Interest ,500,milanjotm3@gmail.com,'4317788427',TRUE,250,20/03/2024,250,20/04/2024,,,,,,,,,,,,,,,,,,,,,DOCX
FARABI-AMCAIM,2024-Mar-21 01:54 PM,21/03/2024,Dilshad Mahmud Shawon,PGWP,0,dilshadmahmud42@gmail.com,'4312751709',TRUE,0,21/03/2024,,,,,,,,,,,,,,,,,,,,,,,DOCX
DESKTOP-ADN59SR,2024-Mar-22 04:01 PM,22/03/2024,Nzubechukwu  Atuili;Rebecca Levy,Spousal Application,5000,austinatuili@gmail.com;beccalery888@outlook.com,'2046986510';'9022991697',TRUE,500,22/03/2024,1000,22/04/2024,1000,22/05/2024,1000,22/06/2024,1000,22/07/2024,500,22/08/2024,,,,,,,,,,,,,DOCX
RAIDKHAN,2024-Mar-25 02:59 PM,25/03/2024,Fares Alghalaieni,Permanent Residency,1500,Fares_Al@hotmail.com,'2048994326',TRUE,1500,25/03/2024,,,,,,,,,,,,,,,,,,,,,,,DOCX
FARABI-AMCAIM,2024-Mar-25 04:40 PM,25/03/2024,Adekunle Hameed Abiola;Kuburat Abolupe Abdulkadir,Spousal Sponshorship,4500,aabiola19@yahoo.com;abdulkad@ualberta.ca,'4036066179';'5879382172',TRUE,100,25/03/2024,2000,15/04/2024,500,15/05/2024,500,15/06/2024,500,15/07/2024,500,15/08/2024,400,15/09/2024,,,,,,,,,,,DOCX
FARABI-AMCAIM,2024-Mar-25 05:26 PM,25/03/2024,Shubhangi Sachdeva,Explanation for Spousal Application,3000,shubhangisachdeva08@gmail.com,'4315884088',FALSE,500,26/03/2024,1000,26/04/2024,1000,26/05/2024,500,26/06/2024,,,,,,,,,,,,,,,,,DOCX
FARABI-AMCAIM,2024-Mar-25 05:47 PM,25/03/2024,Shubhangi Sachdeva;Atul Abrol,Explanation for Spousal Application,3000,shubhangisachdeva08@gmail.com;atulabrol143@gmail.com,'4315884088';'4315884088',FALSE,500,26/03/2024,1000,26/04/2024,1000,26/05/2024,500,26/06/2024,,,,,,,,,,,,,,,,,DOCX
FARABI-AMCAIM,2024-Mar-25 05:47 PM,25/03/2024,Shubhangi Sachdeva;Atul Abrol,Explanation for Spousal Application,3000,shubhangisachdeva08@gmail.com;atulabrol143@gmail.com,'4315884088';'4315884088',FALSE,500,26/03/2024,1000,26/04/2024,1000,26/05/2024,500,26/06/2024,,,,,,,,,,,,,,,,,DOCX
JUNAIDULLAH,2024-Mar-25 06:50 PM,25/03/2024,Imran Mustafa Sulemani,EOI,500,irnmerchant@gmail.com,'2046981277',TRUE,500,25/03/2024,,,,,,,,,,,,,,,,,,,,,,,DOCX